{"training loss": 7987.201459765434, "validation loss": 12492.104587554932, "epoch": 3, "_timestamp": 1661846099, "_runtime": 87261, "_step": 11, "train_micro_species_top1": 78.84, "train_micro_genus_top1": 78.88, "train_micro_family_top1": 80.95, "val_micro_species_top1": 0.07, "val_micro_genus_top1": 0.32, "val_micro_family_top1": 10.19, "time per epoch": 371.343728907903, "_wandb": {"runtime": 91461}}