{"training loss": 6.971922874450684, "validation loss": 6.735980987548828, "_timestamp": 1655882528, "_runtime": 51, "_step": 0, "_wandb": {"runtime": 47}}