{"training loss": 3027.2016429021023, "validation loss": 12160.188551902771, "epoch": 4, "_timestamp": 1661923023, "_runtime": 72203, "_step": 14, "train_micro_species_top1": 91.14, "train_micro_genus_top1": 91.15, "train_micro_family_top1": 92.11, "val_micro_species_top1": 0.19, "val_micro_genus_top1": 0.61, "val_micro_family_top1": 12.42, "time per epoch": 233.6263949195544, "_wandb": {"runtime": 72187}}