{"training loss": 3.5803506876405806, "validation loss": 2.7127389029389426, "epoch": 1, "_timestamp": 1667331346.9328513, "_runtime": 73132.21825027466, "_step": 5, "train_micro_species_top1": 43.59, "train_micro_genus_top1": 48.54, "train_micro_family_top1": 70.04, "val_micro_species_top1": 54.78, "val_micro_genus_top1": 60.64, "val_micro_family_top1": 79.11, "time per epoch": 411.47432180245715}