{"training loss": 7.084170644933527, "validation loss": 8.06328261982311, "epoch": 25, "_timestamp": 1661756401, "_runtime": 1317, "_step": 77, "train_micro_species_top1": 46.29, "train_micro_genus_top1": 46.29, "train_micro_family_top1": 48.29, "val_micro_species_top1": 0.0, "val_micro_genus_top1": 0.31, "val_micro_family_top1": 4.64, "time per epoch": 0.8282372872034709, "_wandb": {"runtime": 1311}}